epoch,time,train/box_loss,train/cls_loss,train/dfl_loss,metrics/precision(B),metrics/recall(B),metrics/mAP50(B),metrics/mAP50-95(B),val/box_loss,val/cls_loss,val/dfl_loss,lr/pg0,lr/pg1,lr/pg2
1,1860.3,1.51132,1.77771,1.61865,0.60813,0.48064,0.51578,0.28533,1.60682,1.58542,1.67069,0.0033326,0.0033326,0.0033326
2,3681.03,1.50618,1.68093,1.62149,0.61715,0.49483,0.52687,0.28441,1.62635,1.59955,1.68769,0.00659994,0.00659994,0.00659994
3,5487.04,1.55279,1.76263,1.67064,0.61072,0.486,0.51702,0.2859,1.59529,1.60957,1.69956,0.00980128,0.00980128,0.00980128
