epoch,time,train/box_loss,train/cls_loss,train/dfl_loss,metrics/precision(B),metrics/recall(B),metrics/mAP50(B),metrics/mAP50-95(B),val/box_loss,val/cls_loss,val/dfl_loss,lr/pg0,lr/pg1,lr/pg2
1,1734.9,1.52186,2.15623,1.64802,0.54624,0.45631,0.45627,0.23113,1.67388,1.85939,1.73042,0.0033326,0.0033326,0.0033326
2,3410.75,1.5394,1.83683,1.66831,0.59545,0.48228,0.50834,0.27235,1.62293,1.75521,1.73134,0.00659994,0.00659994,0.00659994
3,5072.17,1.57205,1.83919,1.71421,0.60077,0.49404,0.51722,0.28133,1.60227,1.64496,1.71557,0.00980128,0.00980128,0.00980128
4,6712.98,1.55062,1.79542,1.70644,0.63131,0.51129,0.54075,0.30594,1.55078,1.56954,1.69102,0.009703,0.009703,0.009703
5,8328.08,1.50273,1.70888,1.66946,0.64455,0.5119,0.55699,0.31906,1.50972,1.52415,1.64826,0.009604,0.009604,0.009604
6,9986.89,1.47166,1.65797,1.64674,0.64939,0.52441,0.56929,0.33118,1.49293,1.48017,1.6362,0.009505,0.009505,0.009505
